i,tau,E
0,7.224389539083947,1.75972
1,2.06390218177396,2.66949
