i,tau,E
0,inf,1.26965
1,0.014533732415679713,1.84543
